name;_id
5Post Чучева, 48;6745c7ddc775afaf7466bbca
Boxberry Сызранова 25б;6745c7ddc775afaf7466bbcb
Boxberry Чехова 373;6745c7ddc775afaf7466bbcc
Labirint;6745c7ddc775afaf7466bbcd
Lampada.su;6745c7ddc775afaf7466bbce
OZON ДНТ Мирный 8А;6745c7ddc775afaf7466bbcf
OZON Курьрер;6745c7ddc775afaf7466bbd0
OZON Натальевка;6745c7ddc775afaf7466bbd1
OZON Сызранова 25б;6745c7ddc775afaf7466bbd2
OZON Чехова 373;6745c7ddc775afaf7466bbd3
WB ДНТ Мирный 8А;6745c7ddc775afaf7466bbd4
WB Сызранова 22;6745c7ddc775afaf7466bbd5
WB Сызранова 23а;6745c7ddc775afaf7466bbd6
WB Чехова 373;6745c7ddc775afaf7466bbd7
АВИТО;6745c7ddc775afaf7466bbd8
Карапузов;6745c7ddc775afaf7466bbd9
ПочтаДонбасса Куприна 11;6745c7ddc775afaf7466bbda
ПочтаРФ Сызранова 6;6745c7ddc775afaf7466bbdb
ПочтаРФ Чехова 269;6745c7ddc775afaf7466bbdc
ПочтаРФ Чехова 373;6745c7ddc775afaf7466bbdd
ПЭК Пархоменко 22А;6745c7ddc775afaf7466bbde
СДЭК Пархоменко 56;6745c7ddc775afaf7466bbdf
СДЭК Чехова 269;6745c7ddc775afaf7466bbe0
СДЭК Чехова 336-в;6745c7ddc775afaf7466bbe1
ТЦ Москва;6745c7ddc775afaf7466bbe2
Шиномонтаж курьер;6745c7ddc775afaf7466bbe3
Яндекс Сызранова 23а;6745c7ddc775afaf7466bbe4
Яндекс Чучева, 48/2;6745c7ddc775afaf7466bbe5
ТЦ Мармелад, Зоозавр;678778d559f103dce29e031b
Молодая Гвардия;678778d559f103dce29e031c
Медицинский центр;678778d559f103dce29e031d
Boxberry Большая бульварная 11;678778d559f103dce29e031e
КИТ Володарское шоссе 1;678778d559f103dce29e031f
